code,system
C10,icd10
C38,icd10
C32,icd10
C56,icd10
C01,icd10
C47,icd10
C23,icd10
C51,icd10
C03,icd10
C31,icd10
C55,icd10
C05,icd10
C21,icd10
C61,icd10
C13,icd10
C18,icd10
C09,icd10
C26,icd10
C54,icd10
C58,icd10
C19,icd10
C02,icd10
C50,icd10
C17,icd10
C12,icd10
C70,icd10
C53,icd10
C37,icd10
C16,icd10
C75,icd10
C04,icd10
C67,icd10
C63,icd10
C57,icd10
C72,icd10
C60,icd10
C06,icd10
C34,icd10
C15,icd10
C68,icd10
C11,icd10
C08,icd10
354351000119105,icd10
93725000,icd10
443488001,icd10
94134006,icd10
109878000,icd10
93941005,icd10
187732006,icd10
188191009,icd10
446022000,icd10
93782004,icd10
93957005,icd10
239901009,icd10
443961001,icd10
93955002,icd10
109830000,icd10
188326001,icd10
372063002,icd10
188361007,icd10
187864008,icd10
93669004,icd10
187900002,icd10
109874003,icd10
428905002,icd10
187830009,icd10
94101009,icd10
1090251000000105,icd10
230257000,icd10
188264002,icd10
93950007,icd10
187945003,icd10
187978005,icd10
372137005,icd10
371984007,icd10
109384006,icd10
415082004,icd10
372020000,icd10
109837002,icd10
310504009,icd10
1090931000000108,icd10
371973000,icd10
93974005,icd10
448668007,icd10
188147009,icd10
187952001,icd10
1090981000000107,icd10
449308006,icd10
371974006,icd10
93771007,icd10
188302003,icd10
93806005,icd10
187738005,icd10
187948001,icd10
187633009,icd10
1081561000119108,icd10
448992002,icd10
188321006,icd10
94112009,icd10
188159008,icd10
187973001,icd10
93769007,icd10
371982006,icd10
372139008,icd10
188263008,icd10
93681000,icd10
93745008,icd10
109371002,icd10
93676009,icd10
187845002,icd10
363471001,icd10
188156001,icd10
109823006,icd10
188183000,icd10
187640005,icd10
425111000000106,icd10
93997008,icd10
109885001,icd10
187940008,icd10
188256008,icd10
188282004,icd10
94085001,icd10
93689003,icd10
93753000,icd10
188261005,icd10
187977000,icd10
187631006,icd10
188151006,icd10
1090971000000105,icd10
93746009,icd10
93677000,icd10
449067008,icd10
188250002,icd10
188325002,icd10
187947006,icd10
187881004,icd10
462461000000100,icd10
109824000,icd10
363467004,icd10
372097009,icd10
110013004,icd10
187975008,icd10
188241004,icd10
109369002,icd10
45221000119105,icd10
449420002,icd10
188176007,icd10
1090281000000104,icd10
109358000,icd10
188312005,icd10
93759001,icd10
449224009,icd10
188280007,icd10
372005006,icd10
188478004,icd10
93927001,icd10
93870000,icd10
93945001,icd10
448233000,icd10
188322004,icd10
372064008,icd10
187723009,icd10
443679004,icd10
187733001,icd10
109835005,icd10
93786001,icd10
1090901000000102,icd10
93952004,icd10
93789008,icd10
93990005,icd10
372065009,icd10
109836006,icd10
187808008,icd10
93980002,icd10
93661001,icd10
93995000,icd10
188243001,icd10
1098981000119101,icd10
187976009,icd10
188317004,icd10
109367000,icd10
188211001,icd10
93781006,icd10
371972005,icd10
109875002,icd10
188189001,icd10
371967001,icd10
95214007,icd10
93880001,icd10
187637005,icd10
93775003,icd10
187786003,icd10
269467007,icd10
448670003,icd10
428100006,icd10
448993007,icd10
127230005,icd10
188308004,icd10
187757001,icd10
187941007,icd10
187944004,icd10
1092831000000100,icd10
188163001,icd10
372014001,icd10
428281000,icd10
188293002,icd10
363473003,icd10
405945003,icd10
187809000,icd10
93933005,icd10
447949005,icd10
1090921000000106,icd10
93924008,icd10
187701005,icd10
448882009,icd10
187653008,icd10
187950009,icd10
93683002,icd10
188177003,icd10
187865009,icd10
1090941000000104,icd10
93849006,icd10
721567004,icd10
93934004,icd10
1090881000000100,icd10
354361000119107,icd10
188266000,icd10
363476006,icd10
255091001,icd10
187838002,icd10
93779009,icd10
187734007,icd10
187709007,icd10
188198003,icd10
109919002,icd10
188285002,icd10
712849003,icd10
187776004,icd10
275524009,icd10
15635721000119108,icd10
271468000,icd10
93947009,icd10
255090000,icd10
372087000,icd10
372062007,icd10
1081551000119106,icd10
449377002,icd10
30664006,icd10
93734005,icd10
359785002,icd10
94143002,icd10
93680004,icd10
109368005,icd10
94066004,icd10
187920001,icd10
93888008,icd10
712750007,icd10
372094002,icd10
188180002,icd10
721636006,icd10
188298006,icd10
93889000,icd10
363470000,icd10
128462008,icd10
371977004,icd10
94073009,icd10
429033009,icd10
93916003,icd10
94105000,icd10
372095001,icd10
93925009,icd10
372030009,icd10
93687001,icd10
187949009,icd10
93798006,icd10
93961004,icd10
188327005,icd10
430556008,icd10
93679002,icd10
188247000,icd10
188242006,icd10
93796005,icd10
235391000000102,icd10
94096009,icd10
188353002,icd10
363421004,icd10
310599006,icd10
188168005,icd10
94125001,icd10
449077005,icd10
447882007,icd10
448868009,icd10
71111000119109,icd10
94006002,icd10
93757004,icd10
93761005,icd10
699005005,icd10
93884005,icd10
188319001,icd10
188315007,icd10
363469001,icd10
706970001,icd10
231829006,icd10
93841009,icd10
363446004,icd10
188195000,icd10
722528008,icd10
188192002,icd10
363474009,icd10
187824009,icd10
363468009,icd10
94102002,icd10
187866005,icd10
187829004,icd10
188157005,icd10
372099007,icd10
1090271000000101,icd10
126906006,icd10
428262008,icd10
B4510,icd10
B04..,icd10
Byu90,icd10
B3310,icd10
B221.,icd10
Byu25,icd10
B504.,icd10
B022.,icd10
B491.,icd10
B120.,icd10
B441.,icd10
B070.,icd10
B506.,icd10
B495.,icd10
B48..,icd10
B204.,icd10
B056.,icd10
B02y.,icd10
B3006,icd10
B04y.,icd10
B5241,icd10
BB02.,icd10
B49..,icd10
B454.,icd10
B013.,icd10
B54y.,icd10
B505.,icd10
B13y.,icd10
B412.,icd10
B115.,icd10
B083.,icd10
B18y3,icd10
ByuE0,icd10
B135.,icd10
B523.,icd10
B1z0.,icd10
B45y0,icd10
B063.,icd10
B54X.,icd10
B41y.,icd10
B3040,icd10
B214.,icd10
Byu7.,icd10
B306.,icd10
B593.,icd10
B223.,icd10
B482.,icd10
B174.,icd10
B22y.,icd10
B1z2.,icd10
B05y.,icd10
B100.,icd10
B124.,icd10
B46..,icd10
B3501,icd10
B503.,icd10
B4Ay.,icd10
B4100,icd10
B18y4,icd10
B050.,icd10
B521.,icd10
ByuC0,icd10
B55y.,icd10
B05..,icd10
B02..,icd10
B225.,icd10
B072.,icd10
B01y.,icd10
B06..,icd10
ZV10y,icd10
B5150,icd10
Byu9.,icd10
B152.,icd10
B202.,icd10
Byu71,icd10
B203.,icd10
B104.,icd10
B3007,icd10
B5243,icd10
B206.,icd10
B12..,icd10
ZV711,icd10
Byu12,icd10
B34y0,icd10
B07y.,icd10
B303.,icd10
Byu21,icd10
B102.,icd10
B230.,icd10
B4301,icd10
B45y.,icd10
B0z2.,icd10
B071.,icd10
Byu82,icd10
B552.,icd10
B2002,icd10
B516.,icd10
B062.,icd10
Byu73,icd10
B34..,icd10
B5101,icd10
B060.,icd10
B113.,icd10
B054.,icd10
B133.,icd10
B11..,icd10
Byu20,icd10
B40..,icd10
B410.,icd10
142..,icd10
B11y1,icd10
B055.,icd10
B21y.,icd10
B305.,icd10
B24X.,icd10
Byu57,icd10
B493.,icd10
B52y.,icd10
B138.,icd10
B06y.,icd10
B162.,icd10
ByuE.,icd10
B511.,icd10
B18y.,icd10
B432.,icd10
B346.,icd10
B4Ay0,icd10
B45X.,icd10
B5240,icd10
B49y.,icd10
B3008,icd10
B350.,icd10
B3401,icd10
B485.,icd10
ZV676,icd10
B5202,icd10
B5173,icd10
B305D,icd10
B49y0,icd10
B2230,icd10
B5...,icd10
B3400,icd10
B5244,icd10
B122.,icd10
B074.,icd10
B440.,icd10
B08..,icd10
ZV10.,icd10
ByuA2,icd10
B1...,icd10
B4...,icd10
Byu13,icd10
B137.,icd10
B2231,icd10
B35z0,icd10
B300.,icd10
B34y.,icd10
B03..,icd10
B150.,icd10
B18y5,icd10
B553.,icd10
B3000,icd10
ZV67A,icd10
B243.,icd10
B4101,icd10
B23y.,icd10
B510.,icd10
B067.,icd10
B4302,icd10
B114.,icd10
B041.,icd10
B63y.,icd10
B5245,icd10
ByuA1,icd10
B481.,icd10
ByuC8,icd10
B483.,icd10
B3001,icd10
B592.,icd10
B3032,icd10
B052.,icd10
B308D,icd10
B3030,icd10
B5201,icd10
B101.,icd10
B513.,icd10
B205.,icd10
B4y..,icd10
B3044,icd10
B01..,icd10
B5246,icd10
B48y.,icd10
B5452,icd10
B431.,icd10
B347.,icd10
B3003,icd10
B0100,icd10
B140.,icd10
B160.,icd10
ZV10z,icd10
B35z.,icd10
B411.,icd10
B0622,icd10
B1z1.,icd10
B143.,icd10
Byu80,icd10
B494.,icd10
B1101,icd10
Byu6.,icd10
B514.,icd10
B43..,icd10
B136.,icd10
B5001,icd10
B240.,icd10
B040.,icd10
B3004,icd10
B41..,icd10
B014.,icd10
B301.,icd10
ByuB1,icd10
B200.,icd10
B55..,icd10
B07..,icd10
B3070,icd10
B305C,icd10
B24..,icd10
B5200,icd10
B341.,icd10
B42..,icd10
Byu8.,icd10
ByuA0,icd10
A788W,icd10
B073.,icd10
B117.,icd10
B131.,icd10
B2000,icd10
B0551,icd10
ByuC1,icd10
B1111,icd10
B63..,icd10
B451.,icd10
B241.,icd10
ZV103,icd10
B59..,icd10
ZV67B,icd10
B340.,icd10
B5000,icd10
B132.,icd10
B3340,icd10
B23..,icd10
B3322,icd10
B331.,icd10
B10y.,icd10
B300A,icd10
B061.,icd10
B3500,icd10
B13..,icd10
B4A0.,icd10
B10..,icd10
B021.,icd10
B11y.,icd10
B042.,icd10
B487.,icd10
B110.,icd10
B012.,icd10
B480.,icd10
B106.,icd10
B3088,icd10
B515.,icd10
B2011,icd10
B2412,icd10
B522.,icd10
B35..,icd10
ZV105,icd10
Byu1.,icd10
BB03.,icd10
B011.,icd10
B010.,icd10
B3031,icd10
B308B,icd10
B430.,icd10
B066.,icd10
B2003,icd10
B512.,icd10
B5y..,icd10
B5451,icd10
B21..,icd10
B112.,icd10
B1zy.,icd10
B486.,icd10
B116.,icd10
B081.,icd10
ZV104,icd10
B130.,icd10
B550.,icd10
B0z0.,icd10
B11y0,icd10
B41y0,icd10
ZV677,icd10
B551.,icd10
B121.,icd10
B484.,icd10
B48y2,icd10
B492.,icd10
B242.,icd10
B142.,icd10
B52X.,icd10
B2413,icd10
B43y.,icd10
B2012,icd10
C62,icd10
417554000,icd10
363449006,icd10
313428008,icd10
1090261000000108,icd10
313429000,icd10
417417007,icd10
416769008,icd10
188220005,icd10
94087009,icd10
1081781000119105,icd10
277664004,icd10
94623007,icd10
254912000,icd10
188219004,icd10
109876001,icd10
255107005,icd10
278491007,icd10
B4702,icd10
B58y6,icd10
B470.,icd10
1J0C.,icd10
B471.,icd10
B47..,icd10
B4703,icd10
B4710,icd10
B4711,icd10
C25,icd10
700423003,icd10
372119009,icd10
94459006,icd10
187798008,icd10
363419009,icd10
109848009,icd10
187792009,icd10
255088001,icd10
187791002,icd10
314999005,icd10
254611009,icd10
314964006,icd10
372003004,icd10
363418001,icd10
285614004,icd10
735735001,icd10
235966007,icd10
B172.,icd10
B17..,icd10
B171.,icd10
B17y0,icd10
B175.,icd10
B17y.,icd10
1J0K.,icd10
B170.,icd10
C52,icd10
188235006,icd10
363445000,icd10
94668004,icd10
188209005,icd10
B450.,icd10
B48y1,icd10
B58y3,icd10
B4501,icd10
C39,icd10
449096009,icd10
94515004,icd10
449066004,icd10
430621000,icd10
93986008,icd10
269473008,icd10
Byu24,icd10
ByuC3,icd10
B26..,icd10
Byu2.,icd10
B2zy.,icd10
B573.,icd10
C66,icd10
188245008,icd10
188253000,icd10
363458004,icd10
94659001,icd10
B5810,icd10
B4A2.,icd10
B496.,icd10
C22,icd10
188274004,icd10
109842005,icd10
278053004,icd10
187767006,icd10
188340000,icd10
813671000000107,icd10
187793004,icd10
372101000,icd10
255086002,icd10
94460001,icd10
93763008,icd10
187784000,icd10
93770008,icd10
187773007,icd10
187777008,icd10
363416002,icd10
188339002,icd10
188208002,icd10
444604002,icd10
B542.,icd10
B1611,icd10
B1612,icd10
B16z.,icd10
B5421,icd10
B151.,icd10
B507.,icd10
BB910,icd10
B15z.,icd10
BB5D3,icd10
B16y.,icd10
B161z,icd10
B15..,icd10
B542z,icd10
B1514,icd10
B1510,icd10
B151z,icd10
B16..,icd10
B5071,icd10
B173.,icd10
B1610,icd10
B161.,icd10
C07,icd10
372004005,icd10
363379000,icd10
447883002,icd10
B544.,icd10
B020.,icd10
C48,icd10
187807003,icd10
277782009,icd10
94628003,icd10
187801002,icd10
188445006,icd10
363420003,icd10
285617006,icd10
B180.,icd10
B5760,icd10
B18..,icd10
C20,icd10
276822007,icd10
94513006,icd10
363351006,icd10
187760008,icd10
93984006,icd10
187811009,icd10
285612000,icd10
314966008,icd10
314997007,icd10
B5751,icd10
B14..,icd10
B575.,icd10
B141.,icd10
B18y2,icd10
C40,icd10
188323009,icd10
269580008,icd10
372108006,icd10
1090961000000103,icd10
187999008,icd10
269581007,icd10
712525007,icd10
188324003,icd10
372011009,icd10
187991006,icd10
109348004,icd10
372131006,icd10
188067002,icd10
363504005,icd10
363503004,icd10
1090871000000102,icd10
449627008,icd10
ByuC5,icd10
Byu31,icd10
B326.,icd10
B30X.,icd10
B327.,icd10
B5242,icd10
C33,icd10
363432004,icd10
94641004,icd10
187853005,icd10
187854004,icd10
B220.,icd10
1423,icd10
B22..,icd10
C65,icd10
C64,icd10
93985007,icd10
188252005,icd10
363457009,icd10
BBL7.,icd10
B4A10,icd10
B4A1.,icd10
C46,icd10
307608006,icd10
109392002,icd10
94719007,icd10
118606001,icd10
188547001,icd10
93547002,icd10
449101009,icd10
699357004,icd10
443144000,icd10
188544008,icd10
254800003,icd10
254897006,icd10
255114007,icd10
446643000,icd10
254918001,icd10
93549004,icd10
255067005,icd10
109391009,icd10
424413001,icd10
307219002,icd10
254877001,icd10
188738007,icd10
302851001,icd10
724649000,icd10
424952003,icd10
109388009,icd10
188548006,icd10
188029000,icd10
188551004,icd10
278050001,icd10
254601002,icd10
278046008,icd10
109385007,icd10
231835006,icd10
109386008,icd10
1J01.,icd10
B6z0.,icd10
A7895,icd10
BBTA.,icd10
BBf2.,icd10
B612.,icd10
BBY0.,icd10
BBF3.,icd10
BBF..,icd10
8Hn8.,icd10
B05z0,icd10
BBF5.,icd10
BBLD.,icd10
BBLH.,icd10
BBN1.,icd10
BBbW.,icd10
BBF6.,icd10
B592X,icd10
Byu53,icd10
BBp1.,icd10
BBF4.,icd10
BBN4.,icd10
BBrA3,icd10
B59zX,icd10
BBLJ.,icd10
B6531,icd10
BBL0.,icd10
BBf..,icd10
BBFz.,icd10
B653.,icd10
BBM8.,icd10
BBd2.,icd10
BBM9.,icd10
B33z0,icd10
B933.,icd10
B6124,icd10
BBN5.,icd10
Byu5B,icd10
C24,icd10
286887005,icd10
312104005,icd10
363415003,icd10
721716004,icd10
109847004,icd10
255087006,icd10
BB5D.,icd10
BB5Dz,icd10
B1512,icd10
B163.,icd10
C30,icd10
255073006,icd10
187828007,icd10
363359008,icd10
269463006,icd10
187987001,icd10
188032002,icd10
277156006,icd10
B322.,icd10
B3103,icd10
142B.,icd10
C73,icd10
278051002,icd10
255028004,icd10
187846001,icd10
314953008,icd10
423158009,icd10
255029007,icd10
255030002,icd10
363478007,icd10
315007008,icd10
94634005,icd10
92767001,icd10
255031003,icd10
448216007,icd10
255032005,icd10
94098005,icd10
ByuB.,icd10
B53..,icd10
B2133,icd10
BB5fz,icd10
BB5f.,icd10
C71,icd10
109911004,icd10
94225005,icd10
281560004,icd10
109912006,icd10
254938000,icd10
276828006,icd10
285641009,icd10
254940005,icd10
188462001,icd10
188297001,icd10
93727008,icd10
428061005,icd10
277461004,icd10
1J03.,icd10
B583.,icd10
B51..,icd10
B51y.,icd10
B517.,icd10
B5830,icd10
8HnA.,icd10
B51y2,icd10
B5172,icd10
C42,icd10
C49,icd10
363364007,icd10
188000002,icd10
188004006,icd10
363441009,icd10
363388009,icd10
310526005,icd10
363365008,icd10
188016000,icd10
285633009,icd10
402561003,icd10
188021002,icd10
188022009,icd10
409231000000104,icd10
188013008,icd10
94264008,icd10
188023004,icd10
188019007,icd10
314989000,icd10
188015001,icd10
187996001,icd10
188009001,icd10
187992004,icd10
187995002,icd10
1090891000000103,icd10
187993009,icd10
314974009,icd10
363439008,icd10
94582005,icd10
363496003,icd10
187997005,icd10
188020001,icd10
363363001,icd10
187702003,icd10
302816009,icd10
188010006,icd10
363366009,icd10
188005007,icd10
188003000,icd10
188002005,icd10
188006008,icd10
187989003,icd10
188017009,icd10
187666008,icd10
363440005,icd10
187994003,icd10
254503007,icd10
269469005,icd10
188001003,icd10
B3124,icd10
B3130,icd10
B3113,icd10
B3114,icd10
B3112,icd10
B3100,icd10
B3152,icd10
B3111,icd10
B3102,icd10
B053.,icd10
B314.,icd10
B313.,icd10
B0550,icd10
B3115,icd10
B3150,icd10
B3101,icd10
B31..,icd10
Byu59,icd10
B3110,icd10
B315.,icd10
Byu5.,icd10
C00,icd10
C14,icd10
404071006,icd10
187601000,icd10
255071008,icd10
187624007,icd10
271568003,icd10
187606005,icd10
187613005,icd10
271323007,icd10
363348004,icd10
255069008,icd10
254993006,icd10
363372009,icd10
254389005,icd10
275399006,icd10
363373004,icd10
187604008,icd10
188030005,icd10
421249001,icd10
363374005,icd10
269515006,icd10
254829001,icd10
187614004,icd10
B0040,icd10
Byu0.,icd10
B0...,icd10
B0001,icd10
B0022,icd10
B0031,icd10
B00..,icd10
B0011,icd10
BBJH.,icd10
B0zz.,icd10
B0030,icd10
B001.,icd10
B006.,icd10
BBJ5.,icd10
B0010,icd10
B0032,icd10
BBJ1.,icd10
B320.,icd10
B000z,icd10
B004.,icd10
B003z,icd10
B00z1,icd10
B007.,icd10
BBJ8.,icd10
B003.,icd10
B0000,icd10
B00zz,icd10
B000.,icd10
B005.,icd10
B0042,icd10
BBJ3.,icd10
BBJ7.,icd10
B0033,icd10
B0z..,icd10
B0zy.,icd10
B0023,icd10
C44,icd10
C43,icd10
188454009,icd10
93647006,icd10
109264009,icd10
396181000000106,icd10
254653005,icd10
254726003,icd10
254730000,icd10
93643005,icd10
254731001,icd10
188458007,icd10
93225001,icd10
94566009,icd10
188102008,icd10
188459004,icd10
93230002,icd10
254797000,icd10
93956001,icd10
254707006,icd10
276751004,icd10
94579000,icd10
94554003,icd10
254732008,icd10
276738009,icd10
93655004,icd10
307610008,icd10
254714008,icd10
94575006,icd10
254712007,icd10
254794007,icd10
285631006,icd10
314987003,icd10
398670003,icd10
255093003,icd10
254708001,icd10
93217003,icd10
314988008,icd10
93210001,icd10
254711000,icd10
271467005,icd10
93209006,icd10
276750003,icd10
314976006,icd10
93223008,icd10
94544002,icd10
404149003,icd10
255068000,icd10
93651008,icd10
307603002,icd10
109267002,icd10
255101006,icd10
79268002,icd10
254709009,icd10
254713002,icd10
B3378,icd10
B335.,icd10
B32..,icd10
B3350,icd10
B32y.,icd10
B3362,icd10
B3...,icd10
B3341,icd10
B3361,icd10
B337z,icd10
B3351,icd10
B333.,icd10
B3330,icd10
B3333,icd10
B3371,icd10
B3331,icd10
B3356,icd10
1J0G.,icd10
B582z,icd10
B3373,icd10
B5820,icd10
B32y0,icd10
B5826,icd10
B334z,icd10
B3377,icd10
B3z..,icd10
B5822,icd10
B3372,icd10
B33..,icd10
B5824,icd10
B333z,icd10
B3334,icd10
B5823,icd10
B3359,icd10
B332.,icd10
B3335,icd10
B3370,icd10
Byu4.,icd10
B3374,icd10
8Hn0.,icd10
B336z,icd10
B5825,icd10
B3375,icd10
B3353,icd10
B335z,icd10
B3364,icd10
B336.,icd10
Byu5A,icd10
B3365,icd10
B3355,icd10
Byu43,icd10
B332z,icd10
Byu41,icd10
B3363,icd10
1425,icd10
B3358,icd10
7G03K,icd10
B3354,icd10
B3379,icd10
B3332,icd10
B33X.,icd10
Byu42,icd10
B337.,icd10
B3320,icd10
B3y..,icd10
B33y.,icd10
B3360,icd10
B330.,icd10
B335A,icd10
B338.,icd10
B32z.,icd10
B334.,icd10
B3321,icd10
B3357,icd10
B33z.,icd10
B582.,icd10
B3352,icd10
C41,icd10
1090821000000101,icd10
109347009,icd10
Byu3.,icd10
Byu32,icd10
B30..,icd10
Byu33,icd10
B30W.,icd10
C74,icd10
314991008,icd10
285643007,icd10
371964008,icd10
93665005,icd10
281562007,icd10
363355002,icd10
B540.,icd10
B5400,icd10
C69,icd10
363461003,icd10
255123005,icd10
94292003,icd10
109948008,icd10
274087000,icd10
187716008,icd10
B50y.,icd10
ByuA.,icd10
B508.,icd10
B50..,icd10
B0z1.,icd10
C45,icd10
109378008,icd10
109853004,icd10
109383000,icd10
254645002,icd10
BBP5.,icd10
Byu50,icd10
BBP9.,icd10
B181.,icd10
BBP1.,icd10
BBPX.,icd10
B232.,icd10
B226.,icd10
Byu51,icd10
187868006,icd10
188072006,icd10
373083005,icd10
313250007,icd10
169399001,icd10
94230009,icd10
373080008,icd10
277642008,icd10
277616008,icd10
449635006,icd10
187660002,icd10
187662005,icd10
187869003,icd10
1078881000119102,icd10
724059003,icd10
187870002,icd10
277615007,icd10
277618009,icd10
188155002,icd10
449153001,icd10
187727005,icd10
169400008,icd10
363384006,icd10
B0511,icd10
B3274,icd10
B2241,icd10
B3312,icd10
B345.,icd10
1J0E.,icd10
B031.,icd10
B105.,icd10
B2240,icd10
B224.,icd10
B4310,icd10
274084007,icd10
254423005,icd10
313356004,icd10
253000007,icd10
326072005,icd10
254466003,icd10
254551004,icd10
286889008,icd10
254633006,icd10
255081007,icd10
18121000119104,icd10
707357005,icd10
255111004,icd10
422691006,icd10
254582000,icd10
254436005,icd10
402537005,icd10
716649003,icd10
722672002,icd10
276953005,icd10
312115000,icd10
372136001,icd10
683991000119103,icd10
372113005,icd10
269544008,icd10
372096000,icd10
255037004,icd10
766979005,icd10
269533000,icd10
372141009,icd10
105121000119102,icd10
707664003,icd10
427685000,icd10
254555008,icd10
363369002,icd10
307216009,icd10
372111007,icd10
253018005,icd10
722524005,icd10
363368005,icd10
254435009,icd10
254570009,icd10
403906006,icd10
313355000,icd10
254989000,icd10
278054005,icd10
285312008,icd10
254889004,icd10
254878006,icd10
187769009,icd10
403900000,icd10
254888007,icd10
269516007,icd10
275396004,icd10
254563009,icd10
733343005,icd10
721638007,icd10
274902006,icd10
707582006,icd10
312114001,icd10
707358000,icd10
275490009,icd10
423973006,icd10
254840009,icd10
254427006,icd10
717735006,icd10
372106005,icd10
92754004,icd10
254547001,icd10
255066001,icd10
255108000,icd10
707492001,icd10
286900008,icd10
408642003,icd10
254634000,icd10
253001006,icd10
254561006,icd10
254424004,icd10
254437001,icd10
254915003,icd10
286890004,icd10
254632001,icd10
254553001,icd10
276870001,icd10
721619003,icd10
271943005,icd10
721618006,icd10
255109008,icd10
254622008,icd10
708921005,icd10
702392008,icd10
425231005,icd10
286899003,icd10
254425003,icd10
254543002,icd10
254838004,icd10
278060005,icd10
254904008,icd10
372100004,icd10
448931007,icd10
254431000,icd10
431396003,icd10
254893005,icd10
286897001,icd10
423464009,icd10
254895003,icd10
109841003,icd10
312113007,icd10
372138000,icd10
254539001,icd10
713609000,icd10
707422006,icd10
1082301000119109,icd10
255008003,icd10
286895009,icd10
254629004,icd10
254631008,icd10
254465004,icd10
254872007,icd10
254434008,icd10
286893002,icd10
254445006,icd10
762458004,icd10
285432005,icd10
286894008,icd10
275394001,icd10
425066001,icd10
254535007,icd10
276952000,icd10
254612002,icd10
11010461000119101,icd10
312112002,icd10
307502000,icd10
286896005,icd10
254609000,icd10
702391001,icd10
255003007,icd10
449248000,icd10
255035007,icd10
254559002,icd10
12240991000119102,icd10
372142002,icd10
254457002,icd10
722682001,icd10
276876007,icd10
254886006,icd10
312111009,icd10
276962007,icd10
254549003,icd10
275395000,icd10
254454009,icd10
254441002,icd10
737310005,icd10
402815007,icd10
422599000,icd10
719052006,icd10
254557000,icd10
372140005,icd10
723265000,icd10
1082311000119107,icd10
764694005,icd10
231831002,icd10
254620000,icd10
254955001,icd10
313353007,icd10
448930008,icd10
707538002,icd10
254900004,icd10
276975007,icd10
254852002,icd10
12240951000119107,icd10
313357008,icd10
254839007,icd10
716659002,icd10
274085008,icd10
733608000,icd10
285310000,icd10
372143007,icd10
722542000,icd10
313354001,icd10
254462001,icd10
255084004,icd10
254567005,icd10
91151000119103,icd10
300988009,icd10
254628007,icd10
286902000,icd10
276954004,icd10
276804009,icd10
255118005,icd10
BB35.,icd10
BB4A.,icd10
BB4..,icd10
7G05D,icd10
BBB0.,icd10
BB80.,icd10
BB32.,icd10
BB5V.,icd10
BB47.,icd10
BB850,icd10
BB1A.,icd10
BB5h1,icd10
BB1B.,icd10
B33z1,icd10
BB1D.,icd10
BB5j.,icd10
BB81.,icd10
BBB7.,icd10
BB33.,icd10
BBCA.,icd10
BB5B.,icd10
BB1E.,icd10
BB34.,icd10
BB48.,icd10
BB1M.,icd10
BB5K.,icd10
BB2M.,icd10
BB851,icd10
D2120,icd10
BB2F.,icd10
BB5V7,icd10
BB5D8,icd10
BB2J.,icd10
B1500,icd10
BB81B,icd10
B1503,icd10
BBA2.,icd10
BB5a0,icd10
Byu11,icd10
BB5j2,icd10
BB94.,icd10
BB1G.,icd10
BB5B1,icd10
BB85.,icd10
BB9H.,icd10
B830.,icd10
BB5R9,icd10
BB1N.,icd10
BB1C.,icd10
BB1K.,icd10
BB26.,icd10
BB5a.,icd10
BB71.,icd10
BB36.,icd10
BB9C.,icd10
BB5f7,icd10
BB5V1,icd10
BB5RA,icd10
BB49.,icd10
BB1F.,icd10
94000008,icd10
231833004,icd10
307599002,icd10
BB691,icd10
93182006,icd10
188502002,icd10
188507008,icd10
94408005,icd10
93520007,icd10
188493000,icd10
188633006,icd10
93133006,icd10
1090121000000109,icd10
188577007,icd10
188728002,icd10
93193008,icd10
93184007,icd10
188501009,icd10
188587006,icd10
188562004,icd10
94344001,icd10
93541001,icd10
94397007,icd10
413842007,icd10
94611001,icd10
188590000,icd10
188514005,icd10
188558005,icd10
1090171000000108,icd10
93188005,icd10
94350006,icd10
93521006,icd10
188536008,icd10
93192003,icd10
188665009,icd10
188554007,icd10
93197009,icd10
94338000,icd10
1090161000000101,icd10
188580008,icd10
188570009,icd10
94475009,icd10
188589009,icd10
94395004,icd10
94642006,icd10
188575004,icd10
188662007,icd10
93524003,icd10
93542008,icd10
95224004,icd10
188572001,icd10
188492005,icd10
462401000000104,icd10
188568000,icd10
188567005,icd10
93196000,icd10
188512009,icd10
93522004,icd10
188513004,icd10
188726003,icd10
1090151000000104,icd10
1090181000000105,icd10
188510001,icd10
188641006,icd10
94449005,icd10
1090091000000108,icd10
94396003,icd10
93495008,icd10
1090101000000100,icd10
93526001,icd10
93139005,icd10
188578002,icd10
188645002,icd10
188582000,icd10
188538009,icd10
188517003,icd10
188642004,icd10
93138002,icd10
188585003,icd10
445269007,icd10
188531003,icd10
94181007,icd10
94392001,icd10
188637007,icd10
93494007,icd10
93135004,icd10
94336001,icd10
93191005,icd10
93146001,icd10
188569008,icd10
188666005,icd10
93137007,icd10
188489006,icd10
188612002,icd10
95192000,icd10
188586002,icd10
188664008,icd10
93531004,icd10
94609005,icd10
285644001,icd10
188613007,icd10
188537004,icd10
93194002,icd10
188534006,icd10
188609000,icd10
188500005,icd10
188565002,icd10
16260631000119101,icd10
93195001,icd10
93493001,icd10
93183001,icd10
188593003,icd10
303194003,icd10
188669003,icd10
93523009,icd10
188566001,icd10
94398002,icd10
188524002,icd10
1090131000000106,icd10
188504001,icd10
94612008,icd10
1090191000000107,icd10
91857003,icd10
95188007,icd10
1090221000000100,icd10
188503007,icd10
94477001,icd10
188559002,icd10
188515006,icd10
188640007,icd10
94347008,icd10
94227002,icd10
188576003,icd10
94393006,icd10
94351005,icd10
94446003,icd10
1090201000000109,icd10
94494004,icd10
1090141000000102,icd10
92814006,icd10
95186006,icd10
1090081000000106,icd10
93525002,icd10
303201005,icd10
188541000,icd10
94410007,icd10
188511002,icd10
188579005,icd10
B640.,icd10
B6164,icd10
B62..,icd10
B6144,icd10
ByuD.,icd10
B6025,icd10
B6011,icd10
B6258,icd10
B6001,icd10
B6143,icd10
B6023,icd10
B6013,icd10
BBr2.,icd10
B6208,icd10
B5601,icd10
B6201,icd10
B6012,icd10
BBr23,icd10
B6205,icd10
B6243,icd10
B6151,icd10
B5603,icd10
B6152,icd10
B6103,icd10
B64y.,icd10
B641.,icd10
ByuD5,icd10
ByuC2,icd10
B64..,icd10
B6268,icd10
B6142,icd10
B6021,icd10
BBr21,icd10
B6231,icd10
B6203,icd10
B56..,icd10
B6148,icd10
B6233,icd10
B642.,icd10
142A.,icd10
B6003,icd10
23833000,icd10
53523003,icd10
413738001,icd10
93140007,icd10
118614007,icd10
B625.,icd10
302842009,icd10
307637005,icd10
307647008,icd10
B627D,icd10
187804005,icd10
B1802,icd10
829591000000101,icd10
169401007,icd10
169403005,icd10
315601005,icd10
232681000000103,icd10
367336001,icd10
394895009,icd10
268500004,icd10
265761001,icd10
394894008,icd10
169396008,icd10
169402000,icd10
ByuD0,icd10
B323.,icd10
8BAD0,icd10
Byu40,icd10
277628000,icd10
277629008,icd10
277568007,icd10
415110002,icd10
107771000119106,icd10
277543005,icd10
67821000119109,icd10
240794006,icd10
95210003,icd10
277625002,icd10
723301009,icd10
188672005,icd10
129000002,icd10
278055006,icd10
188674006,icd10
109969005,icd10
187833006,icd10
448212009,icd10
426964009,icd10
711414003,icd10
303017006,icd10
277574007,icd10
188660004,icd10
188675007,icd10
254637007,icd10
416712009,icd10
403923002,icd10
110002002,icd10
277651000,icd10
254869000,icd10
363424007,icd10
107691000119101,icd10
254861002,icd10
65399007,icd10
254863004,icd10
278057003,icd10
188668006,icd10
277624003,icd10
303055001,icd10
188676008,icd10
307341004,icd10
277653002,icd10
277637000,icd10
397009000,icd10
303057009,icd10
738770003,icd10
443487006,icd10
118615008,icd10
307635002,icd10
B6272,icd10
B2013,icd10
ByuD9,icd10
B68..,icd10
BBE4.,icd10
B68y.,icd10
B6270,icd10
BBES.,icd10
BBCC1,icd10
B6271,icd10
B631.,icd10
BBr26,icd10
B6275,icd10
BB5X.,icd10
BBrA4,icd10
BB5B6,icd10
B673.,icd10
B6273,icd10
BBEP.,icd10
BB5y0,icd10
BBB4.,icd10
BBn0.,icd10
BBn..,icd10
B67y0,icd10
BB07.,icd10
B6300,icd10
C37yB,icd10
BBC4.,icd10
BBX1.,icd10
B626.,icd10
BBr3.,icd10
315005000,icd10
188050009,icd10
188038003,icd10
302837001,icd10
363406005,icd10
239898008,icd10
188063003,icd10
403927001,icd10
363396004,icd10
254828009,icd10
188046002,icd10
276821000,icd10
188075008,icd10
363489000,icd10
254412006,icd10
403924008,icd10
363376007,icd10
372244006,icd10
315009006,icd10
363382005,icd10
254837009,icd10
363349007,icd10
188070003,icd10
363358000,icd10
315004001,icd10
255096006,icd10
315002002,icd10
315006004,icd10
188076009,icd10
314998002,icd10
255012009,icd10
363493006,icd10
187742008,icd10
188074007,icd10
363375006,icd10
230156002,icd10
363490009,icd10
363488008,icd10
363346000,icd10
310498001,icd10
402558004,icd10
14250,icd10
B62x4,icd10
B3263,icd10
B3276,icd10
B3257,icd10
B3272,icd10
B3251,icd10
B3241,icd10
BBZ2.,icd10
BBM01,icd10
BBe9.,icd10
B3277,icd10
B3231,icd10
B3278,icd10
BBE11,icd10
405546008,icd10
83270006,icd10
408647009,icd10
733361001,icd10
309245001,icd10
413446001,icd10
721696009,icd10
254626006,icd10
15956341000119105,icd10
408646000,icd10
408645001,icd10
276803003,icd10
681601000119101,icd10
304545002,icd10
94291000119103,icd10
255110003,icd10
423746001,icd10
342571000000109,icd10
707452003,icd10
1691000119104,icd10
1701000119104,icd10
342511000000104,icd10
413445002,icd10
9541000119105,icd10
184881000119106,icd10
254887002,icd10
301756000,icd10
15956381000119100,icd10
342561000000102,icd10
425178004,icd10
BB821,icd10
BB5L3,icd10
BB57.,icd10
BB5L1,icd10
BB5N1,icd10
B107.,icd10
BBB2.,icd10
B118.,icd10
BB5F.,icd10
BB54.,icd10
BB5S2,icd10
BB84.,icd10
B119.,icd10
302847003,icd10
404051002,icd10
278024000,icd10
254771006,icd10
443719001,icd10
447706001,icd10
254994000,icd10
BBK11,icd10
BBH1.,icd10
BBK2.,icd10
BBK37,icd10
BBK07,icd10
BBK21,icd10
BBK04,icd10
BBK32,icd10
BBK36,icd10
254860001,icd10
285637005,icd10
254874008,icd10
363443007,icd10
277602003,icd10
277571004,icd10
302855005,icd10
91861009,icd10
314418005,icd10
188741003,icd10
188754005,icd10
190030009,icd10
413441006,icd10
278453007,icd10
118613001,icd10
188745007,icd10
91855006,icd10
127225006,icd10
92818009,icd10
277573001,icd10
188732008,icd10
92812005,icd10
277601005,icd10
161436008,icd10
277575008,icd10
188744006,icd10
277617004,icd10
269476000,icd10
449220000,icd10
277613000,icd10
278052009,icd10
420788006,icd10
1091861000000100,icd10
109976000,icd10
307636001,icd10
95193005,icd10
109977009,icd10
847741000000106,icd10
236513009,icd10
277627005,icd10
429014004,icd10
427141003,icd10
1091921000000103,icd10
276815004,icd10
277654008,icd10
308121000,icd10
763477007,icd10
400001003,icd10
847701000000108,icd10
277570003,icd10
109962001,icd10
736322001,icd10
239297008,icd10
847651000000100,icd10
109988003,icd10
118617000,icd10
277641001,icd10
847691000000108,icd10
277626001,icd10
762690000,icd10
118600007,icd10
400122007,icd10
445406001,icd10
847631000000107,icd10
404133000,icd10
240531002,icd10
276811008,icd10
109979007,icd10
232075002,icd10
118601006,icd10
128875000,icd10
109965004,icd10
93198004,icd10
285776004,icd10
31047003,icd10
276836002,icd10
188516007,icd10
414166008,icd10
277643003,icd10
277622004,icd10
847481000000109,icd10
109978004,icd10
4M22.,icd10
4M20.,icd10
ByuD2,icd10
1J04.,icd10
ByuD3,icd10
B627C,icd10
B6200,icd10
B627W,icd10
4M23.,icd10
BBv2.,icd10
ByuDC,icd10
ByuDF,icd10
ByuD1,icd10
B62x1,icd10
B627B,icd10
B6279,icd10
AyuC6,icd10
B602.,icd10
4M21.,icd10
B62x2,icd10
B6277,icd10
B62x6,icd10
B620.,icd10
BBm4.,icd10
B627X,icd10
B62x.,icd10
ByuDE,icd10
A7896,icd10
187906008,icd10
188269007,icd10
188268004,icd10
363462005,icd10
B5010,icd10
B501.,icd10
B3005,icd10
94161006,icd10
94300004,icd10
94604000,icd10
94480000,icd10
94235004,icd10
94481001,icd10
94521000,icd10
94246001,icd10
94531007,icd10
94409002,icd10
94357009,icd10
94638008,icd10
94391008,icd10
187946002,icd10
94360002,icd10
94527001,icd10
94597008,icd10
94454001,icd10
94243009,icd10
94297009,icd10
94538001,icd10
94254004,icd10
188469005,icd10
94253005,icd10
94478006,icd10
94418000,icd10
94275007,icd10
94312000,icd10
94416001,icd10
269617008,icd10
94493005,icd10
269616004,icd10
94537006,icd10
94402006,icd10
94248000,icd10
94335002,icd10
94514000,icd10
94280003,icd10
94626004,icd10
94281004,icd10
94381002,icd10
94632009,icd10
94286009,icd10
94606003,icd10
94327000,icd10
94600009,icd10
94442001,icd10
94260004,icd10
94180008,icd10
94326009,icd10
94681006,icd10
413740006,icd10
94233006,icd10
94663008,icd10
94298004,icd10
94365007,icd10
94580002,icd10
94220000,icd10
94665001,icd10
94432003,icd10
94603006,icd10
91281000119103,icd10
274088005,icd10
94186002,icd10
94222008,icd10
94313005,icd10
94455000,icd10
94503003,icd10
ByuC7,icd10
B153.,icd10
B574.,icd10
B5811,icd10
B58y0,icd10
B58y9,icd10
B5831,icd10
B58y.,icd10
B577.,icd10
B571.,icd10
B58y1,icd10
B58y4,icd10
B570.,icd10
B594.,icd10
B58..,icd10
B580.,icd10
B587.,icd10
B58y5,icd10
B5740,icd10
B581.,icd10
ByuC.,icd10
B584.,icd10
B58y2,icd10
B5761,icd10
B5750,icd10
B572.,icd10
B57y.,icd10
B586.,icd10
B58y7,icd10
285619009,icd10
187917009,icd10
94602001,icd10
187918004,icd10
187957007,icd10
187916000,icd10
94274006,icd10
363438000,icd10
187956003,icd10
94389000,icd10
B3064,icd10
B3022,icd10
B3021,icd10
B3020,icd10
B302.,icd10
B3063,icd10
363518003,icd10
285639008,icd10
314996003,icd10
1J0A.,icd10
254764001,icd10
254986007,icd10
255124004,icd10
253096008,icd10
445738007,icd10
281563002,icd10
370967009,icd10
281564008,icd10
116381000119105,icd10
302849000,icd10
281565009,icd10
281566005,icd10
BBcC.,icd10
363427000,icd10
843671000000104,icd10
956411000000108,icd10
956471000000103,icd10
956331000000107,icd10
956351000000100,icd10
956391000000108,icd10
956551000000106,icd10
956511000000107,icd10
956451000000107,icd10
956371000000109,icd10
956531000000104,icd10
956431000000100,icd10
188718006,icd10
38216008,icd10
87776000,icd10
255052006,icd10
307226002,icd10
302817000,icd10
188733003,icd10
285839005,icd10
277604002,icd10
C37y1,icd10
BB5V3,icd10
BBr80,icd10
BBr8.,icd10
254459004,icd10
254917006,icd10
BB81H,icd10
188193007,icd10
B4303,icd10
93817006,icd10
B3132,icd10
188592008,icd10
277567002,icd10
302841002,icd10
277549009,icd10
277612005,icd10
277473004,icd10
118610003,icd10
277609007,icd10
110006004,icd10
277610002,icd10
BBgH.,icd10
BBj1.,icd10
BBj11,icd10
BBj10,icd10
B616.,icd10
BBj62,icd10
B6160,icd10
BBj60,icd10
863741000000108,icd10
815361000000107,icd10
93451002,icd10
110005000,icd10
277474005,icd10
863761000000109,icd10
93143009,icd10
188725004,icd10
188746008,icd10
277619001,icd10
863781000000100,icd10
188770007,icd10
110004001,icd10
277545003,icd10
188768003,icd10
188736006,icd10
B691.,icd10
BBr4.,icd10
B690.,icd10
B66..,icd10
B65..,icd10
BBr67,icd10
1J02.,icd10
B661.,icd10
B69..,icd10
ByuD7,icd10
B670.,icd10
BBr68,icd10
B660.,icd10
BBrA5,icd10
B672.,icd10
B67y.,icd10
1429,icd10
ZV106,icd10
BBr63,icd10
ByuD8,icd10
B65y1,icd10
B650.,icd10
BBr40,icd10
BBrA1,icd10
B64y1,icd10
BBr66,icd10
BBr25,icd10
B652.,icd10
ByuD6,icd10
BBr6.,icd10
B651.,icd10
BBr61,icd10
B67..,icd10
363475005,icd10
276799004,icd10
187822008,icd10
B1z11,icd10
BBG3.,icd10
BBe2.,icd10
B339.,icd10
BBG8.,icd10
314951005,icd10
314960002,icd10
314952003,icd10
314962005,icd10
314965007,icd10
314967004,icd10
314954002,icd10
314961003,icd10
314973003,icd10
314963000,icd10
314955001,icd10
739301006,icd10
N3309,icd10
449386007,icd10
449108003,icd10
278042005,icd10
254871000,icd10
BBQ7.,icd10
449578008,icd10
449472007,icd10
93189002,icd10
190955000,icd10
118612006,icd10
B6230,icd10
B623.,icd10
C37y6,icd10
363403002,icd10
255078002,icd10
363413005,icd10
187694000,icd10
254619006,icd10
254987003,icd10
B0710,icd10
BB5J.,icd10
BB2G.,icd10
188190005,icd10
B4300,icd10
188627002,icd10
94710006,icd10
118618005,icd10
94711005,icd10
94712003,icd10
94709001,icd10
B6218,icd10
B6213,icd10
BBVA.,icd10
B6210,icd10
B621z,icd10
BBmH.,icd10
B6214,icd10
B6215,icd10
B621.,icd10
BBmD.,icd10
BBm9.,icd10
BBm5.,icd10
BBl..,icd10
BBl0.,icd10
187814001,icd10
254792006,icd10
94627008,icd10
254635004,icd10
372016004,icd10
255102004,icd10
B18y6,icd10
363422006,icd10
254474002,icd10
363506007,icd10
698040004,icd10
188064009,icd10
B3264,icd10
187722004,icd10
1J06.,icd10
445238008,icd10
254627002,icd10
709830006,icd10
276808007,icd10
726654006,icd10
35868009,icd10
BB5R6,icd10
BB5R1,icd10
187736009,icd10
1090291000000102,icd10
B111.,icd10
B1110,icd10
269464000,icd10
187862007,icd10
372023003,icd10
363383000,icd10
448994001,icd10
724060008,icd10
1078901000119100,icd10
94376006,icd10
187861000,icd10
187929000,icd10
187659007,icd10
188154003,icd10
187725002,icd10
1078961000119104,icd10
373082000,icd10
188061001,icd10
313249007,icd10
B304.,icd10
B030.,icd10
B2220,icd10
B3311,icd10
B103.,icd10
B2221,icd10
B3261,icd10
1J0D.,icd10
B222.,icd10
8Hn9.,icd10
B344.,icd10
B0510,icd10
254851009,icd10
187652003,icd10
363385007,icd10
123845008,icd10
1J07.,icd10
445105005,icd10
109996008,icd10
110000005,icd10
398623004,icd10
413843002,icd10
BBZN.,icd10
BBZC.,icd10
169397004,icd10
448952004,icd10
408643008,icd10
255128001,icd10
255129009,icd10
278433008,icd10
BB92.,icd10
BB911,icd10
BB90.,icd10
BB9G.,icd10
BB91.,icd10
314191009,icd10
399042005,icd10
239071000000100,icd10
230685009,icd10
9893005,icd10
188051008,icd10
B3252,icd10
68979007,icd10
109984001,icd10
109982002,icd10
93536009,icd10
93545005,icd10
118605002,icd10
118602004,icd10
B610.,icd10
BBj9.,icd10
B611.,icd10
444910004,icd10
285607001,icd10
363494000,icd10
254950006,icd10
109844006,icd10
187821001,icd10
403977003,icd10
721575005,icd10
BBT1.,icd10
BBDB.,icd10
BBU1.,icd10
B1502,icd10
255017003,icd10
255016007,icd10
280959007,icd10
188272000,icd10
254988008,icd10
B502.,icd10
254824006,icd10
187692001,icd10
255074000,icd10
187700006,icd10
363392002,icd10
187693006,icd10
363397008,icd10
187688008,icd10
188296005,icd10
371965009,icd10
B5401,icd10
B5171,icd10
716872004,icd10
722482005,icd10
315003007,icd10
363402007,icd10
363394001,icd10
363393007,icd10
255056009,icd10
269578002,icd10
188040008,icd10
B3233,icd10
1J0H.,icd10
8HnB.,icd10
B6131,icd10
94491007,icd10
363482009,icd10
B5420,icd10
399326009,icd10
419052002,icd10
314968009,icd10
1428,icd10
94099002,icd10
B3072,icd10
1098961000119105,icd10
277580004,icd10
230586003,icd10
441313008,icd10
440422002,icd10
109989006,icd10
32278006,icd10
413587002,icd10
B630.,icd10
254870004,icd10
188188009,icd10
417570003,icd10
B9110,icd10
BBR3.,icd10
B420.,icd10
BBR2.,icd10
363354003,icd10
314970000,icd10
314992001,icd10
80914001,icd10
187634003,icd10
128041000119107,icd10
363360003,icd10
413741005,icd10
187726001,icd10
188244007,icd10
363353009,icd10
315001009,icd10
314995004,icd10
285640005,icd10
1J09.,icd10
267540007,icd10
720006006,icd10
426202004,icd10
16341002,icd10
254841008,icd10
109994006,icd10
C37y0,icd10
1O0..,icd10
69408002,icd10
188281006,icd10
B545.,icd10
B5100,icd10
188506004,icd10
188498009,icd10
B6010,icd10
B601.,icd10
109998009,icd10
399660006,icd10
285603002,icd10
285611007,icd10
285634003,icd10
285604008,icd10
187794005,icd10
188062008,icd10
B3262,icd10
285422003,icd10
285421005,icd10
285420006,icd10
363404008,icd10
238841000000107,icd10
238851000000105,icd10
BBL..,icd10
363505006,icd10
238831000000103,icd10
372001002,icd10
266719004,icd10
235331000000103,icd10
363386008,icd10
363515000,icd10
363514001,icd10
1427,icd10
1426,icd10
93842002,icd10
B3061,icd10
93772000,icd10
B3131,icd10
188184006,icd10
B41y1,icd10
188153009,icd10
B343.,icd10
363370001,icd10
B18y7,icd10
94083008,icd10
B3081,icd10
313248004,icd10
B3258,icd10
363425008,icd10
363502009,icd10
188049009,icd10
B3250,icd10
93975006,icd10
B3062,icd10
285605009,icd10
363433009,icd10
254484001,icd10
363377003,icd10
B016.,icd10
1080941000119109,icd10
363466008,icd10
255021005,icd10
363378008,icd10
269460009,icd10
188077000,icd10
B3279,icd10
363399006,icd10
363507003,icd10
303012000,icd10
721629005,icd10
BB55.,icd10
187967002,icd10
B3082,icd10
277466009,icd10
285613005,icd10
315000005,icd10
313427003,icd10
B6303,icd10
71985006,icd10
307593001,icd10
255121007,icd10
255119002,icd10
BB14.,icd10
254973003,icd10
254948003,icd10
187685006,icd10
187683004,icd10
254517003,icd10
93784003,icd10
187682009,icd10
254520006,icd10
187681002,icd10
B0640,icd10
B064.,icd10
B0641,icd10
B065.,icd10
188265001,icd10
BBEG0,icd10
188273005,icd10
93973004,icd10
416842003,icd10
B3065,icd10
B5531,icd10
94081005,icd10
BB612,icd10
188239000,icd10
B490.,icd10
188069004,icd10
B3271,icd10
188152004,icd10
B342.,icd10
307649006,icd10
BBD1.,icd10
188068007,icd10
188289008,icd10
B3270,icd10
B5120,icd10
414553000,icd10
277579002,icd10
254844000,icd10
187741001,icd10
254983004,icd10
254974009,icd10
254972008,icd10
404037002,icd10
398271008,icd10
363429002,icd10
187697007,icd10
363451005,icd10
188230001,icd10
363516004,icd10
278044006,icd10
B7F10,icd10
702369008,icd10
B48z.,icd10
B50z.,icd10
B555.,icd10
BB17.,icd10
BBk0.,icd10
B56z.,icd10
BBVz.,icd10
BB5jz,icd10
B43z.,icd10
BBg10,icd10
BBV1.,icd10
B61z8,icd10
BB812,icd10
BB9B.,icd10
BB5Uz,icd10
B34z.,icd10
B576z,icd10
BBEz.,icd10
B12z.,icd10
B59z.,icd10
BB5Wz,icd10
B11z.,icd10
B410z,icd10
BB9M.,icd10
BB5Lz,icd10
BB9F.,icd10
B1zz.,icd10
BBgL.,icd10
B66z.,icd10
BB5T1,icd10
BB5Vz,icd10
B41yz,icd10
B18z.,icd10
BBgR.,icd10
B30z.,icd10
BBnz.,icd10
B02z.,icd10
B41z.,icd10
B680.,icd10
B24z.,icd10
B04z.,icd10
B07z.,icd10
B623z,icd10
B18yz,icd10
B10z.,icd10
B312z,icd10
B61z.,icd10
B327z,icd10
B55y0,icd10
BBr6z,icd10
BBg3.,icd10
BBG1.,icd10
B241z,icd10
B682.,icd10
B150z,icd10
B35zz,icd10
BBr01,icd10
BBL4.,icd10
B510z,icd10
B17yz,icd10
B62y2,icd10
B451z,icd10
BB5Nz,icd10
B62y.,icd10
BBK2z,icd10
B5504,icd10
B55y1,icd10
B561z,icd10
B521z,icd10
B01z.,icd10
B62y1,icd10
B5505,icd10
B340z,icd10
BB5Sz,icd10
B180z,icd10
B65z.,icd10
B575z,icd10
B314z,icd10
B565z,icd10
BBg1.,icd10
BB69z,icd10
B111z,icd10
BB5P.,icd10
B52z.,icd10
B5503,icd10
BB29.,icd10
B1z1z,icd10
B48yz,icd10
B313z,icd10
BB31.,icd10
BBr02,icd10
B44z.,icd10
BBrz.,icd10
BB5D5,icd10
BB5z.,icd10
B601z,icd10
B14z.,icd10
BB815,icd10
B4A1z,icd10
B62y3,icd10
BB5az,icd10
BBgB.,icd10
BB82z,icd10
B67z.,icd10
B625z,icd10
B626z,icd10
BB12.,icd10
B523z,icd10
B13z.,icd10
B304z,icd10
B55z.,icd10
B305z,icd10
B430z,icd10
B450z,icd10
B05z.,icd10
B322z,icd10
B61zz,icd10
BB11.,icd10
B620z,icd10
B58z.,icd10
142Z.,icd10
B315z,icd10
BB5cz,icd10
BB93.,icd10
B5512,icd10
BB13.,icd10
B23z.,icd10
B011z,icd10
B62z.,icd10
BBE1.,icd10
B21z.,icd10
B471z,icd10
B431z,icd10
B20z.,icd10
BB2A.,icd10
BBEQ.,icd10
BBK02,icd10
BBK31,icd10
BBsz.,icd10
B551z,icd10
B6302,icd10
BBgG.,icd10
BBED.,icd10
BB5f1,icd10
B5500,icd10
B5502,icd10
B564z,icd10
BBb5.,icd10
BBgK.,icd10
BB5Bz,icd10
B614z,icd10
B64yz,icd10
B574z,icd10
BBQ7z,icd10
BBL9.,icd10
B31z.,icd10
BBbz.,icd10
BBg5.,icd10
B17z.,icd10
B010z,icd10
BB2B.,icd10
B4Az.,icd10
BBW4.,icd10
B583z,icd10
B651z,icd10
B591.,icd10
B213z,icd10
B303z,icd10
BB5Tz,icd10
BBQ72,icd10
B624z,icd10
B55y2,icd10
B590.,icd10
BB22.,icd10
BBLz.,icd10
B5510,icd10
BBn2.,icd10
B61z7,icd10
C333z,icd10
BBjz.,icd10
B57z.,icd10
BBj6.,icd10
BB19.,icd10
B517z,icd10
B581z,icd10
BB5Mz,icd10
BB81E,icd10
BBr20,icd10
B562z,icd10
BBgJ.,icd10
BB53.,icd10
B62zz,icd10
B055z,icd10
B201z,icd10
B22z.,icd10
BBLA.,icd10
B5511,icd10
BB5Xz,icd10
B681.,icd10
B62y7,icd10
B51z.,icd10
B55yz,icd10
B61z4,icd10
BBr60,icd10
BB5X1,icd10
B6z..,icd10
BBg..,icd10
B222z,icd10
BBQ71,icd10
B013z,icd10
B49z.,icd10
B326z,icd10
B602z,icd10
B06z.,icd10
B45z.,icd10
B65yz,icd10
BB801,icd10
BB5hz,icd10
B064z,icd10
B550z,icd10
BBj0.,icd10
BBr90,icd10
BB18.,icd10
B61z1,icd10
B68z.,icd10
B553z,icd10
BB85z,icd10
B54z.,icd10
B554.,icd10
BBgD.,icd10
B61z2,icd10
B110z,icd10
B62yz,icd10
BBgz.,icd10
B61z0,icd10
B62y0,icd10
B060z,icd10
B62y8,icd10
B560z,icd10
BB43.,icd10
B5z..,icd10
BBF2.,icd10
B470z,icd10
B221z,icd10
BB4z.,icd10
BB80z,icd10
B306z,icd10
B540z,icd10
B11yz,icd10
B501z,icd10
B307z,icd10
B224z,icd10
B615z,icd10
B310z,icd10
BBr04,icd10
BBgC.,icd10
B5501,icd10
B62y6,icd10
B613z,icd10
BBkz.,icd10
BBh0.,icd10
B06yz,icd10
B215.,icd10
B03z.,icd10
B2zz.,icd10
BBr0z,icd10
B220z,icd10
B300z,icd10
B200z,icd10
B563z,icd10
BBF1.,icd10
B302z,icd10
BBr03,icd10
BBQ1z,icd10
B071z,icd10
B5530,icd10
B325z,icd10
B500z,icd10
B63z.,icd10
B323z,icd10
B223z,icd10
BB1J.,icd10
B62y5,icd10
BB52.,icd10
B58yz,icd10
BBr00,icd10
B62y4,icd10
B34yz,icd10
B47z.,icd10
B4z..,icd10
B08z.,icd10
B64z.,icd10
B512z,icd10
BBQ3.,icd10
BBGM.,icd10
BB24.,icd10
190818004,icd10
BBmK.,icd10
C3300,icd10
C3330,icd10
721628002,icd10
276810009,icd10
276809004,icd10
93728003,icd10
188204000,icd10
94361000000105,icd10
62497000,icd10
285610008,icd10
363510005,icd10
363508008,icd10
1421,icd10
254896002,icd10
275419009,icd10
363367000,icd10
285615003,icd10
363499005,icd10
269459004,icd10
188295009,icd10
B5170,icd10
253006001,icd10
255072001,icd10
254850005,icd10
722685004,icd10
BB818,icd10
188034001,icd10
254855000,icd10
118609008,icd10
B6150,icd10
B615.,icd10
BBj2.,icd10
187938003,icd10
B3051,icd10
188729005,icd10
110007008,icd10
B64y2,icd10
BBQ70,icd10
BBr27,icd10
363485006,icd10
363447008,icd10
B452.,icd10
699818003,icd10
277569004,icd10
BB5b.,icd10
187675005,icd10
363431006,icd10
254526000,icd10
187708004,icd10
363487003,icd10
254530002,icd10
B0623,icd10
B0711,icd10
B08y.,icd10
B0720,icd10
B082.,icd10
B213.,icd10
274905008,icd10
359631009,icd10
302845006,icd10
188679001,icd10
707456000,icd10
254856004,icd10
307646004,icd10
369777009,icd10
369775001,icd10
B6278,icd10
BB5f2,icd10
363430007,icd10
B212.,icd10
265762008,icd10
254748009,icd10
237252008,icd10
254990009,icd10
314994000,icd10
314969001,icd10
399490008,icd10
399068003,icd10
81232004,icd10
399068003,icd10
176261008,icd10
176263006,icd10
394932008,icd10
176262001,icd10
4M02.,icd10
4M00.,icd10
1J08.,icd10
4M01.,icd10
363453008,icd10
189509003,icd10
93827000,icd10
B2211,icd10
363381003,icd10
405843009,icd10
169398009,icd10
255127006,icd10
277572006,icd10
703423002,icd10
277550009,icd10
363390005,icd10
363387004,icd10
253003009,icd10
BB5c.,icd10
BB82.,icd10
BB5S.,icd10
BB5N.,icd10
BB5..,icd10
BB5W.,icd10
BB69.,icd10
BBLG.,icd10
BB5U.,icd10
BB520,icd10
BB5T.,icd10
BB5M.,icd10
BB6A.,icd10
BB61.,icd10
BB5U1,icd10
BB5L.,icd10
315058005,icd10
188737002,icd10
B6530,icd10
359987004,icd10
253017000,icd10
277605001,icd10
254638002,icd10
254509006,icd10
285609003,icd10
363509000,icd10
188691005,icd10
B62x5,icd10
188234005,icd10
B48y0,icd10
426071002,icd10
188487008,icd10
373168002,icd10
95231000,icd10
B6007,icd10
B60..,icd10
B6000,icd10
B600.,icd10
254995004,icd10
255075004,icd10
363398003,icd10
188060000,icd10
B3260,icd10
187740000,icd10
58961005,icd10
187635002,icd10
255015006,icd10
416901002,icd10
187834000,icd10
187698002,icd10
363426009,icd10
363423001,icd10
307651005,icd10
93518009,icd10
118608000,icd10
BBj61,icd10
B6140,icd10
B6141,icd10
B6y1.,icd10
B614.,icd10
187927003,icd10
B3035,icd10
684911000119105,icd10
276829003,icd10
393563007,icd10
187968007,icd10
B3083,icd10
188240003,icd10
277597005,icd10
265760000,icd10
118611004,icd10
95263006,icd10
B622.,icd10
BBl1.,icd10
254969001,icd10
188313000,icd10
188318009,icd10
187644001,icd10
763666008,icd10
109975001,icd10
B62x0,icd10
B015.,icd10
233940007,icd10
278065000,icd10
413739009,icd10
248331000000109,icd10
417084004,icd10
118607005,icd10
B6135,icd10
B6130,icd10
B613.,icd10
187842004,icd10
187841006,icd10
B210.,icd10
B211.,icd10
307601000,icd10
363395000,icd10
254876005,icd10
363465007,icd10
277587001,icd10
445227008,icd10
BBEN.,icd10
722103009,icd10
427492003,icd10
363484005,icd10
B6136,icd10
285618001,icd10
314990009,icd10
255083005,icd10
363352004,icd10
363389001,icd10
188287005,icd10
188286001,icd10
ByuC6,icd10
A7897,icd10
B5104,icd10
B62xX,icd10
B5105,icd10
ByuC4,icd10
314993006,icd10
285635002,icd10
363483004,icd10
255044008,icd10
B543.,icd10
254843006,icd10
1424,icd10
363428005,icd10
363380002,icd10
1090951000000101,icd10
285645000,icd10
109992005,icd10
255004001,icd10
363463000,icd10
93799003,icd10
B3071,icd10
254586002,icd10
363414004,icd10
254625005,icd10
884601000000103,icd10
294301000000103,icd10
93814004,icd10
B5450,icd10
275266006,icd10
255077007,icd10
363456000,icd10
B497.,icd10
363454002,icd10
109991003,icd10
BBj4.,icd10
D41y1,icd10
B675.,icd10
BBrA7,icd10
254934003,icd10
363460002,icd10
94661005,icd10
363459007,icd10
B4A3.,icd10
B4A4.,icd10
B5812,icd10
312949007,icd10
BBGP.,icd10
254980001,icd10
187831008,icd10
187658004,icd10
363452003,icd10
371979001,icd10
B453.,icd10
363410008,icd10
363492001,icd10
285616002,icd10
277530005,icd10
363497007,icd10
95111006,icd10
188065005,icd10
B3265,icd10
363400004,icd10
187844003,icd10
B2131,icd10
B080.,icd10
443675005,icd10
278043000,icd10
BBQ1.,icd10
BBQ10,icd10
BBQ11,icd10
428322007,icd10
B44y.,icd10
Byu70,icd10
B44..,icd10
94217008,icd10
B585.,icd10
188054000,icd10
B3255,icd10
134421000,icd10
B5850,icd10
187932002,icd10
B3042,icd10
721304007,icd10
363357005,icd10
237833006,icd10
269475001,icd10
B6...,icd10
B6y..,icd10
254733003,icd10
254734009,icd10
187836003,icd10
187835004,icd10
93979000,icd10
B3043,icd10
276826005,icd10
276827001,icd10
424151006,icd10
BBb0.,icd10
414785000,icd10
B6301,icd10
B936.,icd10
187926007,icd10
B3034,icd10
188052001,icd10
B3253,icd10
187925006,icd10
B3033,icd10
416669000,icd10
109843000,icd10
B1501,icd10
BBL8.,icd10
187641009,icd10
B0131,icd10
426336007,icd10
BBB3.,icd10
363405009,icd10
363500001,icd10
363491008,icd10
B1420,icd10
109966003,icd10
1090241000000107,icd10
413537009,icd10
B6276,icd10
188045003,icd10
188044004,icd10
B324.,icd10
B3240,icd10
188042000,icd10
B3235,icd10
187622006,icd10
416402001,icd10
254975005,icd10
B7F40,icd10
B7F20,icd10
363391009,icd10
277505007,icd10
276797002,icd10
254996003,icd10
448674007,icd10
B443.,icd10
307623001,icd10
307617006,icd10
188734009,icd10
94145009,icd10
B3009,icd10
315008003,icd10
188366002,icd10
443493003,icd10
307576001,icd10
BBV2.,icd10
BBV3.,icd10
BBV..,icd10
BBV4.,icd10
B30z0,icd10
363434003,icd10
363495004,icd10
276420005,icd10
363407001,icd10
277589003,icd10
188301005,icd10
B51y0,icd10
39795003,icd10
93527005,icd10
118599009,icd10
BBj..,icd10
B61..,icd10
415112005,icd10
187803004,icd10
B1801,icd10
187724003,icd10
B6133,icd10
445448008,icd10
363477002,icd10
B525.,icd10
187857006,icd10
B2210,icd10
307609003,icd10
281702006,icd10
187843009,icd10
B2130,icd10
187937008,icd10
B3050,icd10
1090301000000103,icd10
302835009,icd10
363411007,icd10
187752007,icd10
B123.,icd10
363501002,icd10
94453007,icd10
363517008,icd10
363409003,icd10
363412000,icd10
443520009,icd10
BBW9.,icd10
363464006,icd10
363481002,icd10
B541.,icd10
285769009,icd10
363486007,icd10
363408006,icd10
188071004,icd10
B3273,icd10
277551008,icd10
BB5U2,icd10
254849005,icd10
253042009,icd10
BBV9.,icd10
363350007,icd10
B18y1,icd10
B134.,icd10
363444001,icd10
254478004,icd10
B300B,icd10
363417006,icd10
363498002,icd10
277623009,icd10
BBv0.,icd10
363436001,icd10
B2410,icd10
188033007,icd10
B3220,icd10
188073001,icd10
B3275,icd10
413847001,icd10
363435002,icd10
269579005,icd10
B325.,icd10
94142007,icd10
B300C,icd10
1110871000000109,icd10
417036008,icd10
188292007,icd10
231834005,icd10
238861000000108,icd10
187988006,icd10
B3104,icd10
363401000,icd10
188055004,icd10
B3256,icd10
109980005,icd10
236005001,icd10
B5762,icd10
187903000,icd10
B3002,icd10
93833009,icd10
B3060,icd10
188307009,icd10
820601000000103,icd10
176106009,icd10
385377005,icd10
8Hn3.,icd10
8Hn6.,icd10
8Hn5.,icd10
8Hn7.,icd10
8Hn4.,icd10
8HHt.,icd10
8Hn2.,icd10
BBGJ.,icd10
B20..,icd10
B5607,icd10
BBk7.,icd10
B5612,icd10
B45..,icd10
BBQ75,icd10
B3122,icd10
B5616,icd10
B54..,icd10
B576.,icd10
B5614,icd10
B310.,icd10
ByuA3,icd10
BB08.,icd10
B5606,icd10
B5609,icd10
B57..,icd10
BBgV.,icd10
BBEM.,icd10
BBgE.,icd10
B5602,icd10
BBgM.,icd10
B565.,icd10
ZV101,icd10
B5620,icd10
B62z1,icd10
B5610,icd10
B5618,icd10
B316.,icd10
BB09.,icd10
B311.,icd10
B5608,icd10
B2z0.,icd10
BBEG.,icd10
BB04.,icd10
B5640,icd10
B3151,icd10
ZV102,icd10
BBg4.,icd10
ZV679,icd10
B5615,icd10
B25..,icd10
B5641,icd10
BBm1.,icd10
B562.,icd10
ByuDB,icd10
B62z5,icd10
B560.,icd10
BBgS.,icd10
B201.,icd10
B31y.,icd10
BB0A.,icd10
B5605,icd10
B5630,icd10
B56y.,icd10
B52..,icd10
BBR4.,icd10
B62z2,icd10
B561.,icd10
B5604,icd10
B5632,icd10
B1z..,icd10
B5617,icd10
B20y.,icd10
B5622,icd10
B5621,icd10
B5650,icd10
BBE10,icd10
ZV100,icd10
BBg8.,icd10
B3141,icd10
BBgQ.,icd10
B4A..,icd10
B5624,icd10
B3121,icd10
BBgN.,icd10
B2...,icd10
B564.,icd10
B500.,icd10
B312.,icd10
B52W.,icd10
B2z..,icd10
B563.,icd10
BBg7.,icd10
BBEC.,icd10
ZV678,icd10
B14y.,icd10
Byu58,icd10
B3123,icd10
B5619,icd10
BBgT.,icd10
B5633,icd10
B524.,icd10
B5613,icd10
BBgA.,icd10
B5600,icd10
BBgP.,icd10
B3140,icd10
BBQ74,icd10
B5653,icd10
B5631,icd10
B5623,icd10
BBL71,icd10
BBLE.,icd10
BBE..,icd10
1422,icd10
BBEH.,icd10
BB56.,icd10
BB5W1,icd10
B5832,icd10
BB58.,icd10
8BCF.,icd10
8BC6.,icd10
8B3p.,icd10
8Hn..,icd10
B3232,icd10
B057.,icd10
B017.,icd10
BBB5.,icd10
BB621,icd10
BB62.,icd10
B321.,icd10
B0620,icd10
B0600,icd10
1J0B.,icd10
1J0..,icd10
1J0I.,icd10
1J00.,icd10
1J0F.,icd10
7G03J,icd10
BBk..,icd10
BB5f6,icd10
BB5f3,icd10
5136,icd10
1D18.,icd10
B6240,icd10
B624.,icd10
C37y5,icd10
BBs2.,icd10
B674.,icd10
BBm3.,icd10
B3234,icd10
BB5D1,icd10
BBQ73,icd10
BB1L.,icd10
BBP7.,icd10
BB5h.,icd10
BBW6.,icd10
B307.,icd10
BB5M1,icd10
BB5Cz,icd10
BB5C.,icd10
BBV5.,icd10
BB9K0,icd10
BB9K.,icd10
BB60.,icd10
BB601,icd10
B627.,icd10
BB2C.,icd10
BBg2.,icd10
BB2D.,icd10
BB2E.,icd10
BBET.,icd10
8HH8.,icd10
C333.,icd10
BBr..,icd10
BBr0.,icd10
B3230,icd10
B6y0.,icd10
ZV107,icd10
BBs..,icd10
BBrA.,icd10
BBEA.,icd10
4M72.,icd10
1J0J.,icd10
8Hn1.,icd10
B....,icd10
BBE2.,icd10
B4A00,icd10
BBB1.,icd10
B6132,icd10
BB5S4,icd10